{
    "textures": {
        "0": "minecraft:block/diamond_block",
        "1": "minecraft:block/bone_block_side",
        "2": "minecraft:block/anvil",
        "3": "minecraft:block/red_stained_glass",
        "particle": "minecraft:block/diamond_block"
    },
    "elements": [
        {
            "name": "Lower",
            "from": [7, 0, 7],
            "to": [9, 7, 9],
            "faces": {
                "north": {"uv": [3, 9, 5, 16], "texture": "#2"},
                "east": {"uv": [0, 9, 2, 16], "texture": "#2"},
                "south": {"uv": [0, 9, 1, 16], "texture": "#2"},
                "west": {"uv": [14, 9, 16, 16], "texture": "#2"},
                "up": {"uv": [14, 11, 16, 13], "texture": "#2"}
            }
        },
        {
            "name": "ChamberFloor",
            "from": [7.001, 6.226, 7.001],
            "to": [8.999, 6.999, 8.849],
            "rotation": {"angle": -22.5, "axis": "x", "origin": [8, 7, 7]},
            "faces": {
                "east": {"uv": [5, 3, 6.85, 3.775], "texture": "#2"},
                "west": {"uv": [3, 3, 4.85, 3.775], "texture": "#2"},
                "up": {"uv": [3, 3, 5, 4.85], "texture": "#2"}
            }
        },
        {
            "name": "Upper",
            "from": [7, 10, 7],
            "to": [9, 12, 9],
            "faces": {
                "north": {"uv": [7, 2, 9, 4], "texture": "#2"},
                "east": {"uv": [0, 2, 2, 4], "texture": "#2"},
                "south": {"uv": [7, 14, 9, 16], "texture": "#2"},
                "west": {"uv": [14, 2, 16, 4], "texture": "#2"},
                "down": {"uv": [8, 14, 10, 16], "texture": "#2"}
            }
        },
        {
            "name": "ChamberSlope",
            "from": [7.001, 10.001, 7.151],
            "to": [8.999, 10.774, 8.999],
            "rotation": {"angle": -22.5, "axis": "x", "origin": [8, 10, 9]},
            "faces": {
                "north": {"uv": [10, 2, 12, 4], "texture": "#2"},
                "east": {"uv": [4, 4, 6, 6], "texture": "#2"},
                "west": {"uv": [3, 4, 5, 6], "texture": "#2"},
                "down": {"uv": [13, 2, 15, 4], "texture": "#2"}
            }
        },
        {
            "name": "CrystalFixture",
            "from": [7.25, 6.75, 7.25],
            "to": [8.75, 7.75, 8.7],
            "faces": {
                "north": {"uv": [0, 0, 1.5, 1], "texture": "#1"},
                "east": {"uv": [0, 0, 1.45, 1], "texture": "#1"},
                "south": {"uv": [0, 0, 1.5, 1], "texture": "#1"},
                "west": {"uv": [0, 0, 1.45, 1], "texture": "#1"},
                "up": {"uv": [0, 0, 1.5, 1.45], "texture": "#1"},
                "down": {"uv": [0, 0, 1.5, 1.45], "texture": "#1"}
            }
        },
        {
            "name": "Core",
            "from": [7.5, 7.5, 7.5],
            "to": [8.5, 8.5, 8.5],
            "rotation": {"angle": -45, "axis": "x", "origin": [8, 8, 8]},
            "faces": {
                "north": {"uv": [1, 5, 5, 9], "texture": "#0"},
                "east": {"uv": [10, 9, 14, 13], "texture": "#0"},
                "south": {"uv": [5, 1, 9, 5], "texture": "#0"},
                "west": {"uv": [6, 8, 10, 12], "texture": "#0"},
                "up": {"uv": [9, 11, 13, 15], "rotation": 180, "texture": "#0"},
                "down": {"uv": [11, 10, 15, 14], "texture": "#0"}
            }
        },
        {
            "name": "NorthSide",
            "from": [7.75, 8, 7.5],
            "to": [8.25, 8.75, 8],
            "faces": {
                "north": {"uv": [10, 11, 12, 13.25], "texture": "#0"},
                "east": {"uv": [3, 6, 5, 8.25], "texture": "#0"},
                "west": {"uv": [13, 10, 15, 12.25], "texture": "#0"},
                "up": {"uv": [5, 2, 7, 4], "texture": "#0"}
            }
        },
        {
            "name": "SouthSide",
            "from": [7.75, 8, 8],
            "to": [8.25, 9.225, 8.5],
            "rotation": {"angle": 0, "axis": "y", "origin": [8, 7.5, 8]},
            "faces": {
                "east": {"uv": [3, 9, 5, 12.725], "texture": "#0"},
                "south": {"uv": [4, 9, 6, 12.725], "texture": "#0"},
                "west": {"uv": [3, 7, 5, 10.725], "texture": "#0"},
                "up": {"uv": [4, 9, 6, 11], "texture": "#0"}
            }
        },
        {
            "name": "Point",
            "from": [7.751, 8.751, 7.501],
            "to": [8.249, 9.799, 7.874],
            "rotation": {"angle": 45, "axis": "x", "origin": [8, 8.75, 7.5]},
            "faces": {
                "north": {"uv": [5, 11, 7, 14.548], "texture": "#0"},
                "east": {"uv": [5, 5, 6.875, 8.548], "texture": "#0"},
                "south": {"uv": [9, 3, 11, 6.548], "texture": "#0"},
                "west": {"uv": [2, 1, 3.875, 4.548], "texture": "#0"},
                "up": {"uv": [4, 6, 6, 7.875], "texture": "#0"},
                "down": {"uv": [0, 0, 1, 0.875], "texture": "#0"}
            }
        },
        {
            "name": "North",
            "from": [7.5, 11, 6],
            "to": [8.5, 12, 7],
            "rotation": {"angle": 45, "axis": "x", "origin": [8, 11, 7]},
            "faces": {
                "north": {"uv": [0, 0, 1, 1], "texture": "#1"},
                "east": {"uv": [0, 0, 1, 1], "texture": "#1"},
                "south": {"uv": [0, 0, 1, 1], "texture": "#1"},
                "west": {"uv": [0, 0, 1, 1], "texture": "#1"},
                "up": {"uv": [0, 0, 1, 1], "texture": "#1"},
                "down": {"uv": [0, 0, 1, 1], "texture": "#1"}
            }
        },
        {
            "name": "South",
            "from": [7.5, 11, 9],
            "to": [8.5, 12, 10],
            "rotation": {"angle": -45, "axis": "x", "origin": [8, 11, 9]},
            "faces": {
                "north": {"uv": [0, 0, 1, 1], "texture": "#1"},
                "east": {"uv": [0, 0, 1, 1], "texture": "#1"},
                "south": {"uv": [0, 0, 1, 1], "texture": "#1"},
                "west": {"uv": [0, 0, 1, 1], "texture": "#1"},
                "up": {"uv": [0, 0, 1, 1], "texture": "#1"},
                "down": {"uv": [0, 0, 1, 1], "texture": "#1"}
            }
        },
        {
            "name": "West",
            "from": [6, 11, 7.5],
            "to": [7, 12, 8.5],
            "rotation": {"angle": -45, "axis": "z", "origin": [7, 11, 8]},
            "faces": {
                "north": {"uv": [0, 0, 1, 1], "texture": "#1"},
                "east": {"uv": [0, 0, 1, 1], "texture": "#1"},
                "south": {"uv": [0, 0, 1, 1], "texture": "#1"},
                "west": {"uv": [0, 0, 1, 1], "texture": "#1"},
                "up": {"uv": [0, 0, 1, 1], "texture": "#1"},
                "down": {"uv": [0, 0, 1, 1], "texture": "#1"}
            }
        },
        {
            "name": "East",
            "from": [9, 11, 7.5],
            "to": [10, 12, 8.5],
            "rotation": {"angle": 45, "axis": "z", "origin": [9, 11, 8]},
            "faces": {
                "north": {"uv": [0, 0, 1, 1], "texture": "#1"},
                "east": {"uv": [0, 0, 1, 1], "texture": "#1"},
                "south": {"uv": [0, 0, 1, 1], "texture": "#1"},
                "west": {"uv": [0, 0, 1, 1], "texture": "#1"},
                "up": {"uv": [0, 0, 1, 1], "texture": "#1"},
                "down": {"uv": [0, 0, 1, 1], "texture": "#1"}
            }
        },
        {
            "name": "North",
            "from": [7.5, 0, 6],
            "to": [8.5, 1, 7],
            "rotation": {"angle": 45, "axis": "x", "origin": [8, 0, 7]},
            "faces": {
                "north": {"uv": [0, 0, 1, 1], "texture": "#1"},
                "east": {"uv": [0, 0, 1, 1], "texture": "#1"},
                "south": {"uv": [0, 0, 1, 1], "texture": "#1"},
                "west": {"uv": [0, 0, 1, 1], "texture": "#1"},
                "up": {"uv": [0, 0, 1, 1], "texture": "#1"},
                "down": {"uv": [0, 0, 1, 1], "texture": "#1"}
            }
        },
        {
            "name": "South",
            "from": [7.5, 0, 9],
            "to": [8.5, 1, 10],
            "rotation": {"angle": -45, "axis": "x", "origin": [8, 0, 9]},
            "faces": {
                "north": {"uv": [0, 0, 1, 1], "texture": "#1"},
                "east": {"uv": [0, 0, 1, 1], "texture": "#1"},
                "south": {"uv": [0, 0, 1, 1], "texture": "#1"},
                "west": {"uv": [0, 0, 1, 1], "texture": "#1"},
                "up": {"uv": [0, 0, 1, 1], "texture": "#1"},
                "down": {"uv": [0, 0, 1, 1], "texture": "#1"}
            }
        },
        {
            "name": "West",
            "from": [6, 0, 7.5],
            "to": [7, 1, 8.5],
            "rotation": {"angle": -45, "axis": "z", "origin": [7, 0, 8]},
            "faces": {
                "north": {"uv": [0, 0, 1, 1], "texture": "#1"},
                "east": {"uv": [0, 0, 1, 1], "texture": "#1"},
                "south": {"uv": [0, 0, 1, 1], "texture": "#1"},
                "west": {"uv": [0, 0, 1, 1], "texture": "#1"},
                "up": {"uv": [0, 0, 1, 1], "texture": "#1"},
                "down": {"uv": [0, 0, 1, 1], "texture": "#1"}
            }
        },
        {
            "name": "East2",
            "from": [9, 0, 7.5],
            "to": [10, 1, 8.5],
            "rotation": {"angle": 45, "axis": "z", "origin": [9, 0, 8]},
            "faces": {
                "north": {"uv": [0, 0, 1, 1], "texture": "#1"},
                "east": {"uv": [0, 0, 1, 1], "texture": "#1"},
                "south": {"uv": [0, 0, 1, 1], "texture": "#1"},
                "west": {"uv": [0, 0, 1, 1], "texture": "#1"},
                "up": {"uv": [0, 0, 1, 1], "texture": "#1"},
                "down": {"uv": [0, 0, 1, 1], "texture": "#1"}
            }
        },
        {
            "from": [6.875, 5.375, 7.875],
            "to": [9.125, 6.625, 9.125],
            "faces": {
                "north": {"uv": [0, 0, 2, 1], "texture": "#1"},
                "east": {"uv": [0, 0, 1, 1], "texture": "#1"},
                "south": {"uv": [0, 0, 2, 1], "texture": "#1"},
                "west": {"uv": [0, 0, 1, 1], "texture": "#1"},
                "up": {"uv": [0, 0, 2, 1], "texture": "#1"},
                "down": {"uv": [0, 0, 2, 1], "texture": "#1"}
            }
        },
        {
            "from": [6.875, 4.475, 7.9],
            "to": [9.125, 5.375, 8.775],
            "rotation": {"angle": -45, "axis": "x", "origin": [8, 5.35, 7.875]},
            "faces": {
                "north": {"uv": [0, 0, 2, 0.65], "texture": "#1"},
                "east": {"uv": [0, 0, 0.625, 0.65], "texture": "#1"},
                "south": {"uv": [0, 0, 2, 0.65], "texture": "#1"},
                "west": {"uv": [0, 0, 0.625, 0.65], "texture": "#1"},
                "up": {"uv": [0, 0, 2, 0.625], "texture": "#1"},
                "down": {"uv": [0, 0, 2, 0.625], "texture": "#1"}
            }
        },
        {
            "from": [6.875, 6.625, 7.875],
            "to": [7.225, 8.375, 8.475],
            "rotation": {"angle": 22.5, "axis": "x", "origin": [8, 6.625, 7.875]},
            "faces": {
                "north": {"uv": [0, 0, 0.1, 1.5], "texture": "#1"},
                "east": {"uv": [0, 0, 0.35, 1.5], "texture": "#1"},
                "south": {"uv": [0, 0, 0.1, 1.5], "texture": "#1"},
                "west": {"uv": [0, 0, 0.35, 1.5], "texture": "#1"},
                "up": {"uv": [0, 0, 0.1, 0.35], "texture": "#1"},
                "down": {"uv": [0, 0, 0.1, 0.35], "texture": "#1"}
            }
        },
        {
            "from": [8.775, 6.625, 7.875],
            "to": [9.125, 8.375, 8.475],
            "rotation": {"angle": 22.5, "axis": "x", "origin": [9.9, 6.625, 7.875]},
            "faces": {
                "north": {"uv": [0, 0, 0.1, 1.5], "texture": "#1"},
                "east": {"uv": [0, 0, 0.35, 1.5], "texture": "#1"},
                "south": {"uv": [0, 0, 0.1, 1.5], "texture": "#1"},
                "west": {"uv": [0, 0, 0.35, 1.5], "texture": "#1"},
                "up": {"uv": [0, 0, 0.1, 0.35], "texture": "#1"},
                "down": {"uv": [0, 0, 0.1, 0.35], "texture": "#1"}
            }
        },
        {
            "from": [7.175, 6.625, 8.725],
            "to": [8.825, 10.875, 9.125],
            "faces": {
                "north": {"uv": [0, 0, 1.4, 4], "texture": "#1"},
                "east": {"uv": [0, 0, 0.15, 4], "texture": "#1"},
                "south": {"uv": [0, 0, 1.4, 4], "texture": "#1"},
                "west": {"uv": [0, 0, 0.15, 4], "texture": "#1"},
                "up": {"uv": [0, 0, 1.4, 0.15], "texture": "#1"},
                "down": {"uv": [0, 0, 1.4, 0.15], "texture": "#1"}
            }
        },
        {
            "name": "cube2",
            "from": [6.874, 10.874, 6.874],
            "to": [9.126, 12.126, 9.126],
            "faces": {
                "north": {"uv": [0, 0, 2, 2], "texture": "#1"},
                "east": {"uv": [0, 0, 2, 2], "texture": "#1"},
                "south": {"uv": [0, 0, 2, 2], "texture": "#1"},
                "west": {"uv": [0, 0, 2, 2], "texture": "#1"},
                "up": {"uv": [0, 0, 2, 2], "texture": "#1"},
                "down": {"uv": [0, 0, 2, 2], "texture": "#1"}
            }
        },
        {
            "name": "cube3",
            "from": [7.225, 12.075, 8.775],
            "to": [8.775, 12.575, 9.125],
            "faces": {
                "north": {"uv": [0, 0, 2, 2], "texture": "#1"},
                "east": {"uv": [0, 0, 2, 2], "texture": "#1"},
                "south": {"uv": [0, 0, 2, 2], "texture": "#1"},
                "west": {"uv": [0, 0, 2, 2], "texture": "#1"},
                "up": {"uv": [0, 0, 2, 2], "texture": "#1"},
                "down": {"uv": [0, 0, 2, 2], "texture": "#1"}
            }
        },
        {
            "name": "cube3",
            "from": [6.874, 10.374, 6.874],
            "to": [9.126, 10.626, 9.126],
            "faces": {
                "north": {"uv": [0, 0, 2, 2], "texture": "#1"},
                "east": {"uv": [0, 0, 2, 2], "texture": "#1"},
                "south": {"uv": [0, 0, 2, 2], "texture": "#1"},
                "west": {"uv": [0, 0, 2, 2], "texture": "#1"},
                "up": {"uv": [0, 0, 2, 2], "texture": "#1"},
                "down": {"uv": [0, 0, 2, 2], "texture": "#1"}
            }
        },
        {
            "name": "cube4",
            "from": [6.874, 9.874, 6.874],
            "to": [9.126, 10.126, 9.126],
            "faces": {
                "north": {"uv": [0, 0, 2, 2], "texture": "#1"},
                "east": {"uv": [0, 0, 2, 2], "texture": "#1"},
                "south": {"uv": [0, 0, 2, 2], "texture": "#1"},
                "west": {"uv": [0, 0, 2, 2], "texture": "#1"},
                "up": {"uv": [0, 0, 2, 2], "texture": "#1"},
                "down": {"uv": [0, 0, 2, 2], "texture": "#1"}
            }
        },
        {
            "from": [6.875, 6.625, 8.375],
            "to": [7.225, 9.875, 9.125],
            "rotation": {"angle": 0, "axis": "x", "origin": [8, 6.625, 7.875]},
            "faces": {
                "north": {"uv": [0, 0, 0.1, 3], "texture": "#1"},
                "east": {"uv": [0, 0, 0.5, 3], "texture": "#1"},
                "south": {"uv": [0, 0, 0.1, 3], "texture": "#1"},
                "west": {"uv": [0, 0, 0.5, 3], "texture": "#1"},
                "up": {"uv": [0, 0, 0.1, 0.5], "texture": "#1"},
                "down": {"uv": [0, 0, 0.1, 0.5], "texture": "#1"}
            }
        },
        {
            "from": [8.775, 6.625, 8.375],
            "to": [9.125, 9.875, 9.125],
            "rotation": {"angle": 0, "axis": "x", "origin": [9.9, 6.625, 7.875]},
            "faces": {
                "north": {"uv": [0, 0, 0.1, 3], "texture": "#1"},
                "east": {"uv": [0, 0, 0.5, 3], "texture": "#1"},
                "south": {"uv": [0, 0, 0.1, 3], "texture": "#1"},
                "west": {"uv": [0, 0, 0.5, 3], "texture": "#1"},
                "up": {"uv": [0, 0, 0.1, 0.5], "texture": "#1"},
                "down": {"uv": [0, 0, 0.1, 0.5], "texture": "#1"}
            }
        },
        {
            "name": "cube4",
            "from": [6.874, 0.399, 6.874],
            "to": [9.126, 0.651, 9.126],
            "rotation": {"angle": 0, "axis": "y", "origin": [8, -1.95, 8]},
            "faces": {
                "north": {"uv": [0, 0, 2, 2], "texture": "#1"},
                "east": {"uv": [0, 0, 2, 2], "texture": "#1"},
                "south": {"uv": [0, 0, 2, 2], "texture": "#1"},
                "west": {"uv": [0, 0, 2, 2], "texture": "#1"},
                "up": {"uv": [0, 0, 2, 2], "texture": "#1"},
                "down": {"uv": [0, 0, 2, 2], "texture": "#1"}
            }
        },
        {
            "name": "cube5",
            "from": [6.874, 0.924, 6.874],
            "to": [9.126, 1.176, 9.126],
            "rotation": {"angle": 0, "axis": "y", "origin": [8, -1.45, 8]},
            "faces": {
                "north": {"uv": [0, 0, 2, 2], "texture": "#1"},
                "east": {"uv": [0, 0, 2, 2], "texture": "#1"},
                "south": {"uv": [0, 0, 2, 2], "texture": "#1"},
                "west": {"uv": [0, 0, 2, 2], "texture": "#1"},
                "up": {"uv": [0, 0, 2, 2], "texture": "#1"},
                "down": {"uv": [0, 0, 2, 2], "texture": "#1"}
            }
        },
        {
            "name": "cube6",
            "from": [6.874, 1.399, 6.874],
            "to": [9.126, 1.651, 9.126],
            "rotation": {"angle": 0, "axis": "y", "origin": [8, -0.95, 8]},
            "faces": {
                "north": {"uv": [0, 0, 2, 2], "texture": "#1"},
                "east": {"uv": [0, 0, 2, 2], "texture": "#1"},
                "south": {"uv": [0, 0, 2, 2], "texture": "#1"},
                "west": {"uv": [0, 0, 2, 2], "texture": "#1"},
                "up": {"uv": [0, 0, 2, 2], "texture": "#1"},
                "down": {"uv": [0, 0, 2, 2], "texture": "#1"}
            }
        },
        {
            "name": "cube5",
            "from": [6.874, -0.076, 6.874],
            "to": [9.126, 0.176, 9.126],
            "rotation": {"angle": 0, "axis": "y", "origin": [8, -1.95, 8]},
            "faces": {
                "north": {"uv": [0, 0, 2, 2], "texture": "#1"},
                "east": {"uv": [0, 0, 2, 2], "texture": "#1"},
                "south": {"uv": [0, 0, 2, 2], "texture": "#1"},
                "west": {"uv": [0, 0, 2, 2], "texture": "#1"},
                "up": {"uv": [0, 0, 2, 2], "texture": "#1"},
                "down": {"uv": [0, 0, 2, 2], "texture": "#1"}
            }
        },
        {
            "name": "cube3",
            "from": [8.775, 11.125, 6.875],
            "to": [9.125, 12.125, 9.125],
            "rotation": {"angle": -22.5, "axis": "x", "origin": [8, 12.15, 6.875]},
            "faces": {
                "north": {"uv": [0, 0, 2, 2], "texture": "#1"},
                "east": {"uv": [0, 0, 2, 2], "texture": "#1"},
                "south": {"uv": [0, 0, 2, 2], "texture": "#1"},
                "west": {"uv": [0, 0, 2, 2], "texture": "#1"},
                "up": {"uv": [0, 0, 2, 2], "texture": "#1"},
                "down": {"uv": [0, 0, 2, 2], "texture": "#1"}
            }
        },
        {
            "name": "cube4",
            "from": [6.875, 11.125, 6.875],
            "to": [7.225, 12.125, 9.125],
            "rotation": {"angle": -22.5, "axis": "x", "origin": [8, 12.15, 6.875]},
            "faces": {
                "north": {"uv": [0, 0, 2, 2], "texture": "#1"},
                "east": {"uv": [0, 0, 2, 2], "texture": "#1"},
                "south": {"uv": [0, 0, 2, 2], "texture": "#1"},
                "west": {"uv": [0, 0, 2, 2], "texture": "#1"},
                "up": {"uv": [0, 0, 2, 2], "texture": "#1"},
                "down": {"uv": [0, 0, 2, 2], "texture": "#1"}
            }
        },
        {
            "from": [7.25, 12, 7.25],
            "to": [8.75, 28, 8.75],
            "rotation": {"angle": 45, "axis": "y", "origin": [8, 8, 8]},
            "faces": {
                "north": {"uv": [0, 0, 1, 16], "texture": "#3"},
                "east": {"uv": [0, 0, 1, 16], "texture": "#3"},
                "south": {"uv": [15, 0, 16, 16], "texture": "#3"},
                "west": {"uv": [0, 0, 1, 16], "texture": "#3"},
                "up": {"uv": [0, 0, 1, 1.5], "texture": "#3"},
                "down": {"uv": [0, 0, 1, 1.5], "texture": "#3"}
            }
        }
    ],
    "display": {
        "thirdperson_righthand": {
            "translation": [0, -2, 1.5]
        },
        "thirdperson_lefthand": {
            "translation": [0, -2, 1.5]
        },
        "firstperson_righthand": {
            "rotation": [-6, 22.5, 0],
            "translation": [4, 1, 0],
            "scale": [0.75, 0.75, 0.75]
        },
        "firstperson_lefthand": {
            "rotation": [-6, 22.5, 0],
            "translation": [4, 1, 0],
            "scale": [0.75, 0.75, 0.75]
        },
        "ground": {
            "translation": [0, 4.5, 0]
        },
        "gui": {
            "rotation": [-60, 145, 72],
            "translation": [1, 1, 0]
        },
        "head": {
            "rotation": [160, 0, 0],
            "translation": [-7.5, -27, 1],
            "scale": [0.75, 0.75, 0.75]
        },
        "fixed": {
            "rotation": [60, 145, -72],
            "translation": [-1.5, 1.5, -1]
        }
    },
    "groups": [
        {
            "name": "Hilt",
            "origin": [8, 8, 8],
            "children": [
                {
                    "name": "Haft",
                    "origin": [8, 8, 8],
                    "children": [0, 1, 2, 3, 4]
                },
                {
                    "name": "FocusingCrystal",
                    "origin": [8, 8, 8],
                    "children": [5, 6, 7, 8]
                },
                {
                    "name": "Adornments",
                    "origin": [8, 8, 8],
                    "children": [
                        {
                            "name": "Knurls",
                            "origin": [8, 8, 8],
                            "children": [
                                {
                                    "name": "Guard",
                                    "origin": [8, 8, 8],
                                    "children": [9, 10, 11, 12]
                                },
                                {
                                    "name": "Pommel",
                                    "origin": [8, 8, 8],
                                    "children": [13, 14, 15, 16]
                                }
                            ]
                        }, 17, 18, 19, 20, 21, 22, 23, 24, 25, 26, 27, 28, 29, 30, 31, 32, 33]
                }
            ]
        },
        {
            "name": "Blade",
            "origin": [8, 8, 8],
            "children": [34]
        }
    ]
}